experiment,num of users,trace length,max location in trace,max location allowed,Clusters,GLRP,MP,ALRP,VF,User,avg_gen_loss,avg_dist_loss,avg_surge_loss,seed_std,avg_fake_std
sltg_exp1,20,40,40,40,39,00,00,05,4,1,5131.25,0.0,1.75,1.2599603168354152,0.0
sltg_exp1,20,40,40,40,39,00,00,05,4,2,8912.124999999998,2225.3333333333335,3.5666666666666664,11.543396380615196,0.09537935951882999
sltg_exp1,20,40,40,40,39,00,00,05,4,3,13006.425000000001,2225.3333333333335,5.316666666666666,2.8722813232690143,0.09537935951882999
sltg_exp1,20,40,40,40,39,00,00,05,4,4,14698.74583333334,5627.333333333333,7.150000000000001,1.2951833846988619,0.27768575141581664
sltg_exp1,20,40,40,40,39,00,00,05,4,5,18612.70833333334,11203.333333333334,8.841666666666667,10.125432089545612,0.70831751138457077
sltg_exp1,20,40,40,40,39,00,00,05,4,6,24692.37500000001,13318.0,10.616666666666667,0.0,0.89955327044197475
sltg_exp1,20,40,40,40,39,00,00,05,4,7,26912.425000000017,14589.0,12.341666666666667,1.2599603168354152,2.2474217116436539
sltg_exp1,20,40,40,40,39,00,00,05,4,8,30704.991666666694,19604.5,14.016666666666666,2.8722813232690143,7.3742130095488916
sltg_exp1,20,40,40,40,39,00,00,05,4,9,33060.97916666669,21301.833333333332,15.691666666666665,1.2951833846988619,8.9148380654249628
sltg_exp1,20,40,40,40,39,00,00,05,4,10,36913.83333333335,23680.166666666668,17.38333333333333,9.9235830222757748,10.666850353748908
sltg_exp1,20,40,40,40,39,00,00,05,4,11,42556.15833333335,25609.166666666668,19.074999999999996,0.0,12.565981826731365
sltg_exp1,20,40,40,40,39,00,00,05,4,12,46386.541666666686,26104.5,20.891666666666662,11.543396380615196,12.618023476718017
sltg_exp1,20,40,40,40,39,00,00,05,4,13,48290.55000000001,33104.5,22.433333333333337,8.8198639445288496,15.82146872425596
sltg_exp1,20,40,40,40,39,00,00,05,4,14,52097.595833333355,35295.833333333336,24.24166666666667,11.543396380615196,15.879053203260483
sltg_exp1,20,40,40,40,39,00,00,05,4,15,56011.68333333334,35716.333333333336,25.95833333333334,8.0925892024740751,16.165282278187075
sltg_exp1,20,40,40,40,39,00,00,05,4,16,58645.57083333335,38553.833333333336,27.608333333333345,9.0716247166645942,18.741343952526417
sltg_exp1,20,40,40,40,39,00,00,05,4,17,62451.39166666669,41874.333333333336,29.283333333333342,9.5686989711245474,20.628647889703899
sltg_exp1,20,40,40,40,39,00,00,05,4,18,66528.14166666669,45419.333333333336,30.950000000000003,0.0,21.880890880901674
sltg_exp1,20,40,40,40,39,00,00,05,4,19,68751.3166666667,49093.0,32.574999999999996,2.654712790491657,23.283657468998996
sltg_exp1,20,40,40,40,39,00,00,05,4,20,72597.40000000004,50969.666666666664,34.25833333333333,2.8722813232690143,24.376532118718718
sltg_exp1,20,40,40,40,39,05,00,00,4,1,0.0,21712.0,3.5500000000000003,1.2599603168354152,1.2599603168354152
sltg_exp1,20,40,40,40,39,05,00,00,4,2,0.0,77616.0,10.549999999999999,11.543396380615196,12.80335669745061
sltg_exp1,20,40,40,40,39,05,00,00,4,3,0.0,91730.0,14.049999999999999,2.8722813232690143,15.675638020719632
sltg_exp1,20,40,40,40,39,05,00,00,4,4,0.0,117213.0,16.849999999999998,1.2951833846988619,16.970821405418491
sltg_exp1,20,40,40,40,39,05,00,00,4,5,0.0,241451.0,22.149999999999995,10.125432089545612,27.096253494964099
sltg_exp1,20,40,40,40,39,05,00,00,4,6,0.0,241451.0,25.3,0.0,27.096253494964099
sltg_exp1,20,40,40,40,39,05,00,00,4,7,183.33333333333334,243599.66666666666,29.77499999999999,1.2599603168354152,30.279472377233017
sltg_exp1,20,40,40,40,39,05,00,00,4,8,183.33333333333334,259301.66666666666,32.624999999999986,2.8722813232690143,33.151753700502034
sltg_exp1,20,40,40,40,39,05,00,00,4,9,183.33333333333334,260411.66666666666,35.675,1.2951833846988619,34.446937085200908
sltg_exp1,20,40,40,40,39,05,00,00,4,10,183.33333333333334,367559.6666666667,40.425,9.9235830222757748,44.370520107476686
sltg_exp1,20,40,40,40,39,05,00,00,4,11,183.33333333333334,367559.6666666667,43.324999999999996,0.0,44.370520107476686
sltg_exp1,20,40,40,40,39,05,00,00,4,12,183.33333333333334,423463.6666666667,50.324999999999996,11.543396380615196,55.913916488091893
sltg_exp1,20,40,40,40,39,05,00,00,4,13,550.0,458105.3333333333,53.074999999999996,8.8198639445288496,65.17268160656333
sltg_exp1,20,40,40,40,39,05,00,00,4,14,550.0,514009.3333333333,60.074999999999996,11.543396380615196,76.716077987178537
sltg_exp1,20,40,40,40,39,05,00,00,4,15,550.0,531716.3333333334,63.274999999999984,8.0925892024740751,84.80866718965261
sltg_exp1,20,40,40,40,39,05,00,00,4,16,550.0,540334.3333333334,66.825,9.0716247166645942,93.880291906317211
sltg_exp1,20,40,40,40,39,05,00,00,4,17,550.0,645611.3333333334,71.87500000000001,9.5686989711245474,103.44899087744182
sltg_exp1,20,40,40,40,39,05,00,00,4,18,550.0,645611.3333333334,74.37500000000001,0.0,103.44899087744182
sltg_exp1,20,40,40,40,39,05,00,00,4,19,550.0,656201.3333333334,79.12500000000001,2.654712790491657,106.10370366793347
sltg_exp1,20,40,40,40,39,05,00,00,4,20,550.0,670979.3333333334,81.825,2.8722813232690143,108.97598499120249
sltg_exp1,20,40,40,40,39,05,00,05,4,1,5131.25,0.0,1.75,1.2599603168354152,0.0
sltg_exp1,20,40,40,40,39,05,00,05,4,2,8964.729166666664,247.66666666666666,3.533333333333333,11.543396380615196,0.026020824993326658
sltg_exp1,20,40,40,40,39,05,00,05,4,3,13059.029166666667,247.66666666666666,5.283333333333333,2.8722813232690143,0.026020824993326658
sltg_exp1,20,40,40,40,39,05,00,05,4,4,14651.808333333336,5687.666666666667,7.116666666666666,1.2951833846988619,0.29444206683386914
sltg_exp1,20,40,40,40,39,05,00,05,4,5,18568.60416666667,13096.666666666666,8.808333333333332,10.125432089545612,0.67344032581430235
sltg_exp1,20,40,40,40,39,05,00,05,4,6,24568.97083333334,18383.333333333332,10.60833333333333,0.0,1.0235187283690863
sltg_exp1,20,40,40,40,39,05,00,05,4,7,26799.59166666667,20481.5,12.241666666666667,1.2599603168354152,2.6895109568542033
sltg_exp1,20,40,40,40,39,05,00,05,4,8,30808.791666666682,24754.166666666668,13.858333333333333,2.8722813232690143,5.9280515570111545
sltg_exp1,20,40,40,40,39,05,00,05,4,9,33103.09166666668,26880.333333333332,15.524999999999999,1.2951833846988619,8.1188807448625173
sltg_exp1,20,40,40,40,39,05,00,05,4,10,36836.241666666676,34123.333333333336,17.174999999999997,9.9235830222757748,12.204665887984975
sltg_exp1,20,40,40,40,39,05,00,05,4,11,42550.90416666668,37016.833333333336,18.849999999999994,0.0,13.922040337544532
sltg_exp1,20,40,40,40,39,05,00,05,4,12,46217.91250000003,42075.833333333336,20.83333333333333,11.543396380615196,14.250467386727466
sltg_exp1,20,40,40,40,39,05,00,05,4,13,48192.55833333335,47137.666666666664,22.40833333333333,8.8198639445288496,16.515116856179123
sltg_exp1,20,40,40,40,39,05,00,05,4,14,51996.50833333336,49576.666666666664,24.249999999999996,11.543396380615196,16.598722160176973
sltg_exp1,20,40,40,40,39,05,00,05,4,15,55782.01250000003,52925.333333333336,25.941666666666666,8.0925892024740751,18.807957968120125
sltg_exp1,20,40,40,40,39,05,00,05,4,16,58339.66666666671,56106.0,27.633333333333336,9.0716247166645942,21.080627000752759
sltg_exp1,20,40,40,40,39,05,00,05,4,17,62110.86250000004,60425.0,29.308333333333334,9.5686989711245474,23.590612920171001
sltg_exp1,20,40,40,40,39,05,00,05,4,18,66045.81250000004,65388.0,30.974999999999998,0.0,25.179449858026079
sltg_exp1,20,40,40,40,39,05,00,05,4,19,68386.74583333336,66838.16666666667,32.675,2.654712790491657,25.634663339276216
sltg_exp1,20,40,40,40,39,05,00,05,4,20,72232.8291666667,68714.83333333333,34.358333333333334,2.8722813232690143,26.727537988995937
sltg_exp1,20,40,40,40,39,05,00,1,4,1,5131.25,0.0,1.75,1.2599603168354152,0.0
sltg_exp1,20,40,40,40,39,05,00,1,4,2,8967.824999999997,0.0,3.5,11.543396380615196,0.0
sltg_exp1,20,40,40,40,39,05,00,1,4,3,13062.125,0.0,5.25,2.8722813232690143,0.0
sltg_exp1,20,40,40,40,39,05,00,1,4,4,14849.225000000006,0.0,7.0,1.2951833846988619,0.0
sltg_exp1,20,40,40,40,39,05,00,1,4,5,19009.32500000001,0.0,8.75,10.125432089545612,0.0
sltg_exp1,20,40,40,40,39,05,00,1,4,6,25353.32500000001,0.0,10.5,0.0,0.0
sltg_exp1,20,40,40,40,39,05,00,1,4,7,27666.275000000023,0.0,12.25,1.2599603168354152,0.0
sltg_exp1,20,40,40,40,39,05,00,1,4,8,31959.975000000035,0.0,14.0,2.8722813232690143,0.0
sltg_exp1,20,40,40,40,39,05,00,1,4,9,34388.25000000003,0.0,15.75,1.2951833846988619,0.0
sltg_exp1,20,40,40,40,39,05,00,1,4,10,38286.42500000002,0.0,17.5,9.9235830222757748,0.0
sltg_exp1,20,40,40,40,39,05,00,1,4,11,44073.42500000002,0.0,19.25,0.0,0.0
sltg_exp1,20,40,40,40,39,05,00,1,4,12,47910.00000000003,0.0,21.0,11.543396380615196,0.0
sltg_exp1,20,40,40,40,39,05,00,1,4,13,50013.80000000002,0.0,22.75,8.8198639445288496,0.0
sltg_exp1,20,40,40,40,39,05,00,1,4,14,53850.37500000003,0.0,24.5,11.543396380615196,0.0
sltg_exp1,20,40,40,40,39,05,00,1,4,15,57774.975000000006,0.0,26.25,8.0925892024740751,0.0
sltg_exp1,20,40,40,40,39,05,00,1,4,16,60479.80000000002,0.0,28.0,9.0716247166645942,0.0
sltg_exp1,20,40,40,40,39,05,00,1,4,17,64378.32500000004,0.0,29.75,9.5686989711245474,0.0
sltg_exp1,20,40,40,40,39,05,00,1,4,18,68632.32500000004,0.0,31.5,0.0,0.0
sltg_exp1,20,40,40,40,39,05,00,1,4,19,71021.62500000003,0.0,33.25,2.654712790491657,0.0
sltg_exp1,20,40,40,40,39,05,00,1,4,20,74914.62500000003,0.0,35.0,2.8722813232690143,0.0
sltg_exp1,20,40,40,40,39,1,00,00,4,1,0.0,21712.0,3.5500000000000003,1.2599603168354152,1.2599603168354152
sltg_exp1,20,40,40,40,39,1,00,00,4,2,0.0,77616.0,10.55,11.543396380615196,12.803356697450608
sltg_exp1,20,40,40,40,39,1,00,00,4,3,0.0,91730.0,14.05,2.8722813232690143,15.675638020719628
sltg_exp1,20,40,40,40,39,1,00,00,4,4,0.0,117213.0,16.85,1.2951833846988619,16.970821405418498
sltg_exp1,20,40,40,40,39,1,00,00,4,5,0.0,241451.0,22.150000000000013,10.125432089545612,27.096253494964095
sltg_exp1,20,40,40,40,39,1,00,00,4,6,0.0,241451.0,25.30000000000002,0.0,27.096253494964095
sltg_exp1,20,40,40,40,39,1,00,00,4,7,137.5,243370.5,29.831250000000008,1.2599603168354152,29.798657735874638
sltg_exp1,20,40,40,40,39,1,00,00,4,8,137.5,259072.5,32.681250000000006,2.8722813232690143,32.670939059143656
sltg_exp1,20,40,40,40,39,1,00,00,4,9,137.5,260182.5,35.73125000000002,1.2951833846988619,33.966122443842529
sltg_exp1,20,40,40,40,39,1,00,00,4,10,137.5,367330.5,40.48125000000002,9.9235830222757748,43.889705466118279
sltg_exp1,20,40,40,40,39,1,00,00,4,11,137.5,367330.5,43.381249999999994,0.0,43.889705466118279
sltg_exp1,20,40,40,40,39,1,00,00,4,12,137.5,423234.5,50.381249999999994,11.543396380615196,55.433101846733486
sltg_exp1,20,40,40,40,39,1,00,00,4,13,412.5,458188.0,53.01875,8.8198639445288496,64.582141671719285
sltg_exp1,20,40,40,40,39,1,00,00,4,14,412.5,514092.0,60.01875,11.543396380615196,76.125538052334434
sltg_exp1,20,40,40,40,39,1,00,00,4,15,412.5,531799.0,63.218749999999986,8.0925892024740751,84.218127254808508
sltg_exp1,20,40,40,40,39,1,00,00,4,16,412.5,540417.0,66.76874999999995,9.0716247166645942,93.289751971473095
sltg_exp1,20,40,40,40,39,1,00,00,4,17,421.09375,645921.625,71.78749999999991,9.5686989711245474,102.93072866060371
sltg_exp1,20,40,40,40,39,1,00,00,4,18,421.09375,645921.625,74.28749999999991,0.0,102.93072866060371
sltg_exp1,20,40,40,40,39,1,00,00,4,19,558.59375,657199.125,78.8687499999999,2.654712790491657,106.98712973525194
sltg_exp1,20,40,40,40,39,1,00,00,4,20,558.59375,671977.125,81.56874999999995,2.8722813232690143,109.85941105852096
sltg_exp1,20,40,40,40,39,1,00,05,4,1,5095.529166666666,2439.0,1.8333333333333333,1.2599603168354152,0.088381781439559035
sltg_exp1,20,40,40,40,39,1,00,05,4,2,8797.137499999999,5123.666666666667,3.733333333333333,11.543396380615196,0.35006803547254023
sltg_exp1,20,40,40,40,39,1,00,05,4,3,12852.620833333334,7315.0,5.491666666666667,2.8722813232690143,0.42028595024900989
sltg_exp1,20,40,40,40,39,1,00,05,4,4,14495.170833333337,11697.666666666666,7.341666666666668,1.2951833846988619,0.62748462939572924
sltg_exp1,20,40,40,40,39,1,00,05,4,5,18464.570833333342,18015.333333333332,9.049999999999999,10.125432089545612,0.93284386229769323
sltg_exp1,20,40,40,40,39,1,00,05,4,6,24755.704166666674,20130.0,10.766666666666666,0.0,1.0369271622709997
sltg_exp1,20,40,40,40,39,1,00,05,4,7,27027.666666666675,21371.166666666668,12.433333333333332,1.2599603168354152,1.9392022383437275
sltg_exp1,20,40,40,40,39,1,00,05,4,8,31216.950000000023,24503.666666666668,14.08333333333333,2.8722813232690143,3.7065183953335725
sltg_exp1,20,40,40,40,39,1,00,05,4,9,33604.47500000001,26133.666666666668,15.699999999999996,1.2951833846988619,4.9555179950132526
sltg_exp1,20,40,40,40,39,1,00,05,4,10,37335.525000000016,32185.166666666668,17.34166666666666,9.9235830222757748,9.175809347069011
sltg_exp1,20,40,40,40,39,1,00,05,4,11,42809.06250000001,37972.166666666664,19.02499999999999,0.0,13.638972026694548
sltg_exp1,20,40,40,40,39,1,00,05,4,12,46613.01250000002,40411.166666666664,20.866666666666656,11.543396380615196,13.722577330692397
sltg_exp1,20,40,40,40,39,1,00,05,4,13,48648.279166666674,42672.666666666664,22.549999999999994,8.8198639445288496,14.677381293358502
sltg_exp1,20,40,40,40,39,1,00,05,4,14,52422.70000000002,47303.0,24.44999999999999,11.543396380615196,14.818571076360875
sltg_exp1,20,40,40,40,39,1,00,05,4,15,56326.275000000016,48144.0,26.133333333333326,8.0925892024740751,15.39102922621406
sltg_exp1,20,40,40,40,39,1,00,05,4,16,58983.808333333356,50035.666666666664,27.816666666666663,9.0716247166645942,17.108403675773619
sltg_exp1,20,40,40,40,39,1,00,05,4,17,62720.70833333335,55532.666666666664,29.466666666666658,9.5686989711245474,20.275812488854012
sltg_exp1,20,40,40,40,39,1,00,05,4,18,66779.73333333335,59077.666666666664,31.083333333333325,0.0,21.551663044925323
sltg_exp1,20,40,40,40,39,1,00,05,4,19,69090.02500000002,61236.833333333336,32.75833333333332,2.654712790491657,22.253197295107071
sltg_exp1,20,40,40,40,39,1,00,05,4,20,72889.1916666667,63113.5,34.44999999999999,2.8722813232690143,23.721504323341549
sltg_exp1,20,40,40,40,5,025,05,075,4,1,3451.558333333333,8441.666666666666,2.2583333333333333,1.2599603168354152,2.4158443966327461
sltg_exp1,20,40,40,40,5,025,05,075,4,2,6691.233333333333,34318.5,4.025,11.543396380615196,13.525089699902423
sltg_exp1,20,40,40,40,5,025,05,075,4,3,9918.874999999998,52111.5,5.775000000000001,2.8722813232690143,23.100026885650994
sltg_exp1,20,40,40,40,5,025,05,075,4,4,14311.099999999999,57708.833333333336,8.124999999999998,1.2951833846988619,26.377382345064117
sltg_exp1,20,40,40,40,5,025,05,075,4,5,17955.562499999996,62211.5,9.975,10.125432089545612,28.556946638753704
sltg_exp1,20,40,40,40,5,025,05,075,4,6,21764.462499999998,62271.0,12.541666666666666,0.0,28.623613305420374
sltg_exp1,20,40,40,40,5,025,05,075,4,7,24692.812499999996,76369.66666666667,14.908333333333333,1.2599603168354152,29.948730664822083
sltg_exp1,20,40,40,40,5,025,05,075,4,8,28555.79166666666,93530.5,16.400000000000002,2.8722813232690143,39.383795637216338
sltg_exp1,20,40,40,40,5,025,05,075,4,9,32030.704166666663,99400.16666666667,19.133333333333333,1.2951833846988619,39.853633370518963
sltg_exp1,20,40,40,40,5,025,05,075,4,10,35053.02916666666,114839.5,21.375,9.9235830222757748,46.85730581458332
sltg_exp1,20,40,40,40,5,025,05,075,4,11,38860.87499999999,115682.0,23.8,0.0,47.675915323310022
sltg_exp1,20,40,40,40,5,025,05,075,4,12,41749.17083333333,143126.16666666666,25.76666666666667,11.543396380615196,57.255517583111811
sltg_exp1,20,40,40,40,5,025,05,075,4,13,45500.962499999994,151129.33333333334,27.783333333333346,8.8198639445288496,59.271737889810105
sltg_exp1,20,40,40,40,5,025,05,075,4,14,48428.70416666667,181737.66666666666,29.450000000000017,11.543396380615196,67.481220007810677
sltg_exp1,20,40,40,40,5,025,05,075,4,15,51323.400000000016,212891.66666666666,31.700000000000014,8.0925892024740751,77.57431038765769
sltg_exp1,20,40,40,40,5,025,05,075,4,16,54988.03333333335,227988.83333333334,34.20000000000001,9.0716247166645942,80.974078632865144
sltg_exp1,20,40,40,40,5,025,05,075,4,17,58211.358333333344,235829.66666666666,36.77500000000001,9.5686989711245474,84.871993468908073
sltg_exp1,20,40,40,40,5,025,05,075,4,18,61934.22500000001,237448.0,39.475000000000016,0.0,87.271993468908079
sltg_exp1,20,40,40,40,5,025,05,075,4,19,65290.20833333334,251775.33333333334,41.725000000000016,2.654712790491657,88.353069378844964
sltg_exp1,20,40,40,40,5,025,05,075,4,20,68803.89583333333,269193.1666666667,43.600000000000016,2.8722813232690143,96.829827248706735
sltg_exp1,20,40,40,40,5,05,05,05,4,1,1996.4333333333332,13051.0,1.9749999999999999,1.2599603168354152,3.8744486668238793
sltg_exp1,20,40,40,40,5,05,05,05,4,2,5143.75,38832.5,3.9500000000000006,11.543396380615196,14.429782473259687
sltg_exp1,20,40,40,40,5,05,05,05,4,3,8513.029166666667,55917.5,5.875,2.8722813232690143,21.862073599304882
sltg_exp1,20,40,40,40,5,05,05,05,4,4,12542.533333333333,63539.666666666664,8.166666666666666,1.2951833846988619,24.142559025039706
sltg_exp1,20,40,40,40,5,05,05,05,4,5,15992.574999999997,72653.66666666667,10.383333333333331,10.125432089545612,26.190416387632805
sltg_exp1,20,40,40,40,5,05,05,05,4,6,20121.541666666664,73821.0,12.716666666666667,0.0,27.900790220784092
sltg_exp1,20,40,40,40,5,05,05,05,4,7,22777.316666666666,83534.0,14.891666666666666,1.2599603168354152,30.570539379256939
sltg_exp1,20,40,40,40,5,05,05,05,4,8,26807.37916666667,101160.33333333333,16.48333333333333,2.8722813232690143,40.643316291965789
sltg_exp1,20,40,40,40,5,05,05,05,4,9,29687.3875,110278.0,19.183333333333334,1.2951833846988619,45.783839852957847
sltg_exp1,20,40,40,40,5,05,05,05,4,10,32691.458333333332,128526.83333333333,21.224999999999998,9.9235830222757748,52.816333198361299
sltg_exp1,20,40,40,40,5,05,05,05,4,11,36375.48333333334,131135.5,23.691666666666663,0.0,56.928866545395266
sltg_exp1,20,40,40,40,5,05,05,05,4,12,39517.495833333334,160034.66666666666,25.95833333333333,11.543396380615196,68.051290816775847
sltg_exp1,20,40,40,40,5,05,05,05,4,13,44490.04583333334,174043.0,27.91666666666666,8.8198639445288496,70.232662744768888
sltg_exp1,20,40,40,40,5,05,05,05,4,14,47909.11666666667,200047.0,29.73333333333333,11.543396380615196,79.901810419148475
sltg_exp1,20,40,40,40,5,05,05,05,4,15,50870.720833333326,225574.66666666666,31.88333333333333,8.0925892024740751,91.53383966856417
sltg_exp1,20,40,40,40,5,05,05,05,4,16,54624.18333333333,241170.0,34.09166666666666,9.0716247166645942,94.689052442653804
sltg_exp1,20,40,40,40,5,05,05,05,4,17,58201.987499999996,248133.66666666666,36.55833333333332,9.5686989711245474,97.078428643983344
sltg_exp1,20,40,40,40,5,05,05,05,4,18,61584.82083333333,248133.66666666666,39.37499999999999,0.0,97.078428643983344
sltg_exp1,20,40,40,40,5,05,05,05,4,19,64753.40833333333,258895.0,41.725,2.654712790491657,99.252645953813882
sltg_exp1,20,40,40,40,5,05,05,05,4,20,68076.93333333333,273875.5,43.49999999999999,2.8722813232690143,107.81780064517939
sltg_exp1,20,40,40,40,5,075,05,025,4,1,4224.404166666666,9178.0,2.266666666666666,1.2599603168354152,2.6329631799257527
sltg_exp1,20,40,40,40,5,075,05,025,4,2,7557.308333333334,47956.0,4.441666666666666,11.543396380615196,15.108176365871065
sltg_exp1,20,40,40,40,5,075,05,025,4,3,10341.987500000003,70687.33333333333,6.883333333333333,2.8722813232690143,23.58658023983125
sltg_exp1,20,40,40,40,5,075,05,025,4,4,14883.975000000004,76454.0,9.158333333333331,1.2951833846988619,25.316575370017503
sltg_exp1,20,40,40,40,5,075,05,025,4,5,18066.500000000004,93782.5,11.85,10.125432089545612,27.371463035112708
sltg_exp1,20,40,40,40,5,075,05,025,4,6,22633.945833333335,95517.66666666667,14.200000000000003,0.0,29.15404970844288
sltg_exp1,20,40,40,40,5,075,05,025,4,7,25746.1125,107751.0,16.600000000000005,1.2599603168354152,30.520412483476012
sltg_exp1,20,40,40,40,5,075,05,025,4,8,29301.658333333336,129658.83333333333,18.26666666666667,2.8722813232690143,41.132711735547829
sltg_exp1,20,40,40,40,5,075,05,025,4,9,33014.49166666666,134289.33333333334,20.95,1.2951833846988619,42.738782777930091
sltg_exp1,20,40,40,40,5,075,05,025,4,10,36241.32916666667,150495.33333333334,22.816666666666666,9.9235830222757748,50.834956170451044
sltg_exp1,20,40,40,40,5,075,05,025,4,11,39522.995833333334,150495.33333333334,25.408333333333335,0.0,50.834956170451044
sltg_exp1,20,40,40,40,5,075,05,025,4,12,42564.56250000001,181609.0,27.61666666666667,11.543396380615196,63.086318703056008
sltg_exp1,20,40,40,40,5,075,05,025,4,13,45823.01666666667,189206.16666666666,29.850000000000005,8.8198639445288496,66.191117237006296
sltg_exp1,20,40,40,40,5,075,05,025,4,14,49130.225000000006,217482.33333333334,31.75833333333334,11.543396380615196,79.167108820554077
sltg_exp1,20,40,40,40,5,075,05,025,4,15,51737.804166666676,252158.16666666666,33.76666666666667,8.0925892024740751,89.240752039675201
sltg_exp1,20,40,40,40,5,075,05,025,4,16,54449.716666666674,263360.8333333333,36.38333333333335,9.0716247166645942,92.540266677964368
sltg_exp1,20,40,40,40,5,075,05,025,4,17,57395.100000000006,268009.8333333333,39.10833333333334,9.5686989711245474,93.566849078881731
sltg_exp1,20,40,40,40,5,075,05,025,4,18,60798.600000000006,268009.8333333333,41.57500000000001,0.0,93.566849078881731
sltg_exp1,20,40,40,40,5,075,05,025,4,19,64091.50000000001,282917.0,44.15000000000001,2.654712790491657,94.815649060433387
sltg_exp1,20,40,40,40,5,075,05,025,4,20,67254.13333333335,298756.1666666667,46.10000000000002,2.8722813232690143,105.26653293899142
sltg_exp1,20,40,40,40,5,0,05,1,4,1,4251.845833333333,8450.166666666666,2.0749999999999997,1.2599603168354152,3.3974401947357742
sltg_exp1,20,40,40,40,5,0,05,1,4,2,7586.6375,40946.166666666664,3.966666666666667,11.543396380615196,15.353518199679888
sltg_exp1,20,40,40,40,5,0,05,1,4,3,11000.2125,60748.833333333336,5.858333333333334,2.8722813232690143,25.953237864737233
sltg_exp1,20,40,40,40,5,0,05,1,4,4,15077.841666666662,64092.5,8.066666666666666,1.2951833846988619,27.508248673515698
sltg_exp1,20,40,40,40,5,0,05,1,4,5,18390.404166666664,70797.66666666667,10.125000000000002,10.125432089545612,30.266101238399994
sltg_exp1,20,40,40,40,5,0,05,1,4,6,21871.07083333333,70797.66666666667,12.550000000000004,0.0,30.266101238399994
sltg_exp1,20,40,40,40,5,0,05,1,4,7,25808.324999999997,85296.5,15.016666666666671,1.2599603168354152,31.001430788837066
sltg_exp1,20,40,40,40,5,0,05,1,4,8,29966.087499999998,106546.33333333333,16.291666666666668,2.8722813232690143,42.084949094647584
sltg_exp1,20,40,40,40,5,0,05,1,4,9,33577.63333333333,113302.5,19.150000000000002,1.2951833846988619,42.91134674896557
sltg_exp1,20,40,40,40,5,0,05,1,4,10,36634.65416666667,135436.5,21.5,9.9235830222757748,50.112802745159762
sltg_exp1,20,40,40,40,5,0,05,1,4,11,40568.9875,135436.5,23.858333333333334,0.0,50.112802745159762
sltg_exp1,20,40,40,40,5,0,05,1,4,12,43775.28333333333,168613.33333333334,25.724999999999994,11.543396380615196,61.917955225465306
sltg_exp1,20,40,40,40,5,0,05,1,4,13,48228.18750000001,181090.83333333334,27.85833333333333,8.8198639445288496,64.31314708240852
sltg_exp1,20,40,40,40,5,0,05,1,4,14,51392.012500000004,210746.83333333334,29.600000000000005,11.543396380615196,76.101934725168022
sltg_exp1,20,40,40,40,5,0,05,1,4,15,53957.66666666668,242152.0,31.700000000000003,8.0925892024740751,86.22877058984632
sltg_exp1,20,40,40,40,5,0,05,1,4,16,57248.63333333334,252394.0,34.00833333333334,9.0716247166645942,88.692517051592503
sltg_exp1,20,40,40,40,5,0,05,1,4,17,60266.516666666685,259278.0,36.35000000000001,9.5686989711245474,92.905452351280474
sltg_exp1,20,40,40,40,5,0,05,1,4,18,63800.266666666685,260335.33333333334,39.341666666666676,0.0,93.071283590798245
sltg_exp1,20,40,40,40,5,0,05,1,4,19,67153.26666666669,269758.1666666667,41.60833333333335,2.654712790491657,94.436455264311277
sltg_exp1,20,40,40,40,5,0,05,1,4,20,70763.60833333335,284617.1666666667,43.39166666666667,2.8722813232690143,99.498648722462804
sltg_exp1,20,40,40,40,5,1,05,0,4,1,3351.1666666666665,8432.333333333334,2.7083333333333335,1.2599603168354152,2.7221315786728866
sltg_exp1,20,40,40,40,5,1,05,0,4,2,5946.029166666666,37449.833333333336,5.95,11.543396380615196,15.553934067836934
sltg_exp1,20,40,40,40,5,1,05,0,4,3,6596.816666666666,51563.333333333336,9.158333333333333,2.8722813232690143,18.260215235885564
sltg_exp1,20,40,40,40,5,1,05,0,4,4,11216.704166666665,56322.0,11.566666666666668,1.2951833846988619,19.503106203191312
sltg_exp1,20,40,40,40,5,1,05,0,4,5,14075.241666666667,65463.166666666664,14.475000000000001,10.125432089545612,20.33230622399585
sltg_exp1,20,40,40,40,5,1,05,0,4,6,18032.2375,66945.66666666667,16.983333333333338,0.0,21.655724869923414
sltg_exp1,20,40,40,40,5,1,05,0,4,7,21183.304166666665,76343.33333333333,19.59166666666667,1.2599603168354152,23.200854467225991
sltg_exp1,20,40,40,40,5,1,05,0,4,8,23391.59166666666,99540.0,21.483333333333338,2.8722813232690143,35.028763240531269
sltg_exp1,20,40,40,40,5,1,05,0,4,9,26449.52916666666,107653.66666666667,24.425,1.2951833846988619,36.626499023966325
sltg_exp1,20,40,40,40,5,1,05,0,4,10,29869.52083333333,127235.16666666667,26.624999999999996,9.9235830222757748,44.591750887305984
sltg_exp1,20,40,40,40,5,1,05,0,4,11,32556.454166666663,128764.16666666667,29.20833333333333,0.0,47.448297699221094
sltg_exp1,20,40,40,40,5,1,05,0,4,12,35197.879166666666,159984.83333333334,32.416666666666664,11.543396380615196,60.156466745793857
sltg_exp1,20,40,40,40,5,1,05,0,4,13,39570.604166666664,168974.16666666666,34.55,8.8198639445288496,62.501530827924945
sltg_exp1,20,40,40,40,5,1,05,0,4,14,42202.416666666664,197818.16666666666,37.55833333333333,11.543396380615196,73.931022596906317
sltg_exp1,20,40,40,40,5,1,05,0,4,15,44755.520833333336,227265.16666666666,39.76666666666666,8.0925892024740751,83.888597754117612
sltg_exp1,20,40,40,40,5,1,05,0,4,16,48590.40833333333,240092.16666666666,42.44166666666667,9.0716247166645942,85.745696223510251
sltg_exp1,20,40,40,40,5,1,05,0,4,17,51439.53333333333,244181.33333333334,45.300000000000004,9.5686989711245474,86.684611175916089
sltg_exp1,20,40,40,40,5,1,05,0,4,18,53129.37916666667,245562.5,48.05833333333334,0.0,87.505581335423543
sltg_exp1,20,40,40,40,5,1,05,0,4,19,55728.92083333334,257042.33333333334,50.666666666666664,2.654712790491657,89.619020143355996
sltg_exp1,20,40,40,40,5,1,05,0,4,20,58038.60833333334,269353.1666666667,53.041666666666664,2.8722813232690143,98.124555435689714
sltg_exp1,5,84,225,250,30,025,05,075,4,1,935.5809108584772,33783.16128208013,4.866666666666666,7.3444083810147838,11.905984337728837
sltg_exp1,5,84,225,250,30,025,05,075,4,2,2354.7625208946706,157069.77216202463,25.03333333333333,0.51987156097376297,29.578696072422517
sltg_exp1,5,84,225,250,30,025,05,075,4,3,3456.8378404424243,221156.58897712632,30.099999999999994,8.8506120315678363,46.624698734419326
sltg_exp1,5,84,225,250,30,025,05,075,4,4,4722.505373606692,293871.0083118835,38.46666666666666,6.4094512838180782,65.51796594437603
sltg_exp1,5,84,225,250,30,025,05,075,4,5,5145.476856976942,299621.31564713275,42.96666666666666,8.4835692200876238,74.11187642342901
sltg_exp1,5,84,225,250,30,05,05,05,4,1,923.2172461988562,41513.40444806036,8.166666666666666,7.3444083810147838,17.244600088365033
sltg_exp1,5,84,225,250,30,05,05,05,4,2,2402.729490448512,168601.4122781887,27.633333333333336,0.51987156097376297,34.538119162670533
sltg_exp1,5,84,225,250,30,05,05,05,4,3,3352.251667006949,218078.7637663966,34.50000000000001,8.8506120315678363,50.409244378356902
sltg_exp1,5,84,225,250,30,05,05,05,4,4,4351.285439260313,314862.5738500758,44.5,6.4094512838180782,75.933038348737639
sltg_exp1,5,84,225,250,30,05,05,05,4,5,5089.9626632045965,355172.62303722586,49.06666666666666,8.4835692200876238,91.660698765928018
sltg_exp1,5,84,225,250,30,075,05,025,4,1,620.070636808989,27133.1086325081,10.666666666666666,7.3444083810147838,11.490836838284244
sltg_exp1,5,84,225,250,30,075,05,025,4,2,884.4515683128097,70288.21151969374,36.199999999999996,0.51987156097376297,18.90463909614656
sltg_exp1,5,84,225,250,30,075,05,025,4,3,1631.3733608829118,101648.91484848293,46.166666666666664,8.8506120315678363,31.452317594695398
sltg_exp1,5,84,225,250,30,075,05,025,4,4,2195.6502288945144,134688.11059363096,56.26666666666667,6.4094512838180782,45.13824290443182
sltg_exp1,5,84,225,250,30,075,05,025,4,5,2565.9588749684244,141739.2122992334,62.73333333333333,8.4835692200876238,50.935375741940497
sltg_exp1,5,84,225,250,30,0,05,1,4,1,581.5350506987717,4300.335896537922,5.5,7.3444083810147838,3.4616493614757773
sltg_exp1,5,84,225,250,30,0,05,1,4,2,845.5122819844324,53219.17057511729,33.333333333333336,0.51987156097376297,7.4476086402890944
sltg_exp1,5,84,225,250,30,0,05,1,4,3,1484.4703772622643,61086.65382198293,37.699999999999996,8.8506120315678363,12.983711927513545
sltg_exp1,5,84,225,250,30,0,05,1,4,4,2133.8973187089573,87535.69890921212,45.73333333333333,6.4094512838180782,22.127210439592474
sltg_exp1,5,84,225,250,30,0,05,1,4,5,2498.194420480584,91634.94343516951,48.76666666666667,8.4835692200876238,28.141527360985908
sltg_exp1,5,84,225,250,30,1,05,0,4,1,441.8421925062784,40610.33709891496,18.1,7.3444083810147838,9.5657944129837791
sltg_exp1,5,84,225,250,30,1,05,0,4,2,494.64384322590104,54180.442045207594,38.6,0.51987156097376297,14.327277037124041
sltg_exp1,5,84,225,250,30,1,05,0,4,3,829.4584398455617,109716.77605970272,62.79999999999999,8.8506120315678363,26.412165812613154
sltg_exp1,5,84,225,250,30,1,05,0,4,4,1176.1497879197614,173970.72434361602,89.09999999999998,6.4094512838180782,33.85241357426974
sltg_exp1,5,84,225,250,30,1,05,0,4,5,1414.9066547346674,193959.63847615264,104.56666666666666,8.4835692200876238,40.894546833158529
